Chelsea and Clinton,10001
Lower East Side,10002
Lower East Side,10003
Lower Manhattan,10004
Lower Manhattan,10005
Lower Manhattan,10006
Lower Manhattan,10007
Lower East Side,10009
Gramercy Park and Murray Hill,10010
Chelsea and Clinton,10011
Greenwich Village and Soho,10012
Greenwich Village and Soho,10013
Greenwich Village and Soho,10014
Gramercy Park and Murray Hill,10016
Gramercy Park and Murray Hill,10017
Chelsea and Clinton,10018
Chelsea and Clinton,10019
Chelsea and Clinton,10020
Upper East Side,10021
Gramercy Park and Murray Hill,10022
Upper West Side,10023
Upper West Side,10024
Upper West Side,10025
Central Harlem,10026
Central Harlem,10027
Upper East Side,10028
East Harlem,10029
Central Harlem,10030
Inwood and Washington Heights,10031
Inwood and Washington Heights,10032
Inwood and Washington Heights,10033
Inwood and Washington Heights,10034
East Harlem,10035
Chelsea and Clinton,10036
Central Harlem,10037
Lower Manhattan,10038
Central Harlem,10039
Inwood and Washington Heights,10040
Upper East Side,10044
Upper East Side,10065
Upper East Side,10075
Upper East Side,10128
Lower Manhattan,10280
Stapleton and St. George,10301
Stapleton and St. George,10304
Stapleton and St. George,10305
South Shore,10306
South Shore,10307
South Shore,10308
South Shore,10309
South Shore,10312
Mid-Island,10314
High Bridge and Morrisania,10451
High Bridge and Morrisania,10452
Central Bronx,10453
Hunts Point and Mott Haven,10454
Hunts Point and Mott Haven,10455
High Bridge and Morrisania,10456
Central Bronx,10457
Bronx Park and Fordham,10458
Hunts Point and Mott Haven,10459
Central Bronx,10460
Southeast Bronx,10461
Southeast Bronx,10462
Kingsbridge and Riverdale,10463
Southeast Bronx,10464
Southeast Bronx,10465
Northeast Bronx,10466
Bronx Park and Fordham,10467
Bronx Park and Fordham,10468
Northeast Bronx,10469
Northeast Bronx,10470
Kingsbridge and Riverdale,10471
Southeast Bronx,10472
Southeast Bronx,10473
Hunts Point and Mott Haven,10474
Northeast Bronx,10475
Southeast Queens,11004
Southeast Queens,11005
Northwest Queens,11101
Northwest Queens,11102
Northwest Queens,11103
Northwest Queens,11104
Northwest Queens,11105
Northwest Queens,11106
Northwest Brooklyn,11201
Flatbush,11203
Borough Park,11204
Northwest Brooklyn,11205
Bushwick and Williamsburg,11206
East New York and New Lots,11207
East New York and New Lots,11208
Southwest Brooklyn,11209
Flatbush,11210
Greenpoint,11211
Central Brooklyn,11212
Central Brooklyn,11213
Southwest Brooklyn,11214
Northwest Brooklyn,11215
Central Brooklyn,11216
Northwest Brooklyn,11217
Borough Park,11218
Borough Park,11219
Sunset Park,11220
Bushwick and Williamsburg,11221
Greenpoint,11222
Southern Brooklyn,11223
Southern Brooklyn,11224
Flatbush,11225
Flatbush,11226
Southwest Brooklyn,11228
Southern Brooklyn,11229
Borough Park,11230
Northwest Brooklyn,11231
Sunset Park,11232
Central Brooklyn,11233
Canarsie and Flatlands,11234
Southern Brooklyn,11235
Canarsie and Flatlands,11236
Bushwick and Williamsburg,11237
Central Brooklyn,11238
Canarsie and Flatlands,11239
North Queens,11354
North Queens,11355
North Queens,11356
North Queens,11357
North Queens,11358
North Queens,11359
North Queens,11360
Queens,11361
Queens,11362
Queens,11363
Queens,11364
Central Queens,11365
Central Queens,11366
Central Queens,11367
West Queens,11368
West Queens,11369
West Queens,11370
West Queens,11372
West Queens,11373
West Central Queens,11374
West Central Queens,11375
West Queens,11377
West Queens,11378
West Central Queens,11379
West Central Queens,11385
Southeast Queens,11411
Jamaica,11412
Southeast Queens,11413
Southwest Queens,11414
Southwest Queens,11415
Southwest Queens,11416
Southwest Queens,11417
Southwest Queens,11418
Southwest Queens,11419
Southwest Queens,11420
Southwest Queens,11421
Southeast Queens,11422
Jamaica,11423
Southeast Queens,11426
Southeast Queens,11427
Southeast Queens,11428
Southwest Queens,11429
Jamaica,11432
Jamaica,11433
Jamaica,11434
Jamaica,11435
Jamaica,11436
Rockaways,11691
Rockaways,11692
Rockaways,11693
Rockaways,11694
Rockaways,11695
Rockaways,11697